alert_key,has_cg,consistent
Ajaccio__1,True,True
Ajaccio__10,True,True
Ajaccio__100,True,True
Ajaccio__101,True,True
Ajaccio__102,True,True
Ajaccio__103,True,True
Ajaccio__104,True,True
Ajaccio__105,True,True
Ajaccio__106,True,True
Ajaccio__107,True,True
Ajaccio__108,True,True
Ajaccio__109,True,True
Ajaccio__11,True,True
Ajaccio__110,True,True
Ajaccio__111,True,True
Ajaccio__112,True,True
Ajaccio__113,True,True
Ajaccio__114,True,True
Ajaccio__115,True,True
Ajaccio__116,True,True
Ajaccio__117,True,True
Ajaccio__118,True,True
Ajaccio__119,True,True
Ajaccio__12,True,True
Ajaccio__120,True,True
Ajaccio__121,True,True
Ajaccio__122,True,True
Ajaccio__123,True,True
Ajaccio__124,True,True
Ajaccio__125,True,True
Ajaccio__126,True,True
Ajaccio__127,True,True
Ajaccio__128,True,True
Ajaccio__129,True,True
Ajaccio__13,True,True
Ajaccio__130,True,True
Ajaccio__131,True,True
Ajaccio__132,True,True
Ajaccio__133,True,True
Ajaccio__134,True,True
Ajaccio__135,True,True
Ajaccio__136,True,True
Ajaccio__137,True,True
Ajaccio__138,True,True
Ajaccio__139,True,True
Ajaccio__14,True,True
Ajaccio__140,True,True
Ajaccio__141,True,True
Ajaccio__142,True,True
Ajaccio__143,True,True
Ajaccio__144,True,True
Ajaccio__145,True,True
Ajaccio__146,True,True
Ajaccio__147,True,True
Ajaccio__148,True,True
Ajaccio__149,True,True
Ajaccio__15,True,True
Ajaccio__150,True,True
Ajaccio__151,True,True
Ajaccio__152,True,True
Ajaccio__153,True,True
Ajaccio__154,True,True
Ajaccio__155,True,True
Ajaccio__156,True,True
Ajaccio__157,True,True
Ajaccio__158,True,True
Ajaccio__159,True,True
Ajaccio__16,True,True
Ajaccio__160,True,True
Ajaccio__161,True,True
Ajaccio__162,True,True
Ajaccio__163,True,True
Ajaccio__164,True,True
Ajaccio__165,True,True
Ajaccio__166,True,True
Ajaccio__167,True,True
Ajaccio__168,True,True
Ajaccio__169,True,True
Ajaccio__17,True,True
Ajaccio__170,True,True
Ajaccio__171,True,True
Ajaccio__172,True,True
Ajaccio__173,True,True
Ajaccio__174,True,True
Ajaccio__175,True,True
Ajaccio__176,True,True
Ajaccio__177,True,True
Ajaccio__178,True,True
Ajaccio__179,True,True
Ajaccio__18,True,True
Ajaccio__180,True,True
Ajaccio__181,True,True
Ajaccio__182,True,True
Ajaccio__183,True,True
Ajaccio__184,True,True
Ajaccio__185,True,True
Ajaccio__186,True,True
Ajaccio__187,True,True
Ajaccio__188,True,True
Ajaccio__189,True,True
Ajaccio__19,True,True
Ajaccio__190,True,True
Ajaccio__191,True,True
Ajaccio__192,True,True
Ajaccio__193,True,True
Ajaccio__194,True,True
Ajaccio__195,True,True
Ajaccio__196,True,True
Ajaccio__197,True,True
Ajaccio__198,True,True
Ajaccio__199,True,True
Ajaccio__2,True,True
Ajaccio__20,True,True
Ajaccio__200,True,True
Ajaccio__201,True,True
Ajaccio__202,True,True
Ajaccio__203,True,True
Ajaccio__204,True,True
Ajaccio__205,True,True
Ajaccio__206,True,True
Ajaccio__207,True,True
Ajaccio__208,True,True
Ajaccio__209,True,True
Ajaccio__21,True,True
Ajaccio__210,True,True
Ajaccio__211,True,True
Ajaccio__212,True,True
Ajaccio__213,True,True
Ajaccio__214,True,True
Ajaccio__215,True,True
Ajaccio__216,True,True
Ajaccio__217,True,True
Ajaccio__218,True,True
Ajaccio__219,True,True
Ajaccio__22,True,True
Ajaccio__220,True,True
Ajaccio__221,True,True
Ajaccio__222,True,True
Ajaccio__223,True,True
Ajaccio__224,True,True
Ajaccio__225,True,True
Ajaccio__226,True,True
Ajaccio__227,True,True
Ajaccio__228,True,True
Ajaccio__229,True,True
Ajaccio__23,True,True
Ajaccio__230,True,True
Ajaccio__231,True,True
Ajaccio__232,True,True
Ajaccio__233,True,True
Ajaccio__234,True,True
Ajaccio__235,True,True
Ajaccio__236,True,True
Ajaccio__237,True,True
Ajaccio__238,True,True
Ajaccio__239,True,True
Ajaccio__24,True,True
Ajaccio__240,True,True
Ajaccio__241,True,True
Ajaccio__242,True,True
Ajaccio__243,True,True
Ajaccio__244,True,True
Ajaccio__245,True,True
Ajaccio__246,True,True
Ajaccio__247,True,True
Ajaccio__248,True,True
Ajaccio__249,True,True
Ajaccio__25,True,True
Ajaccio__250,True,True
Ajaccio__251,True,True
Ajaccio__252,True,True
Ajaccio__253,True,True
Ajaccio__254,True,True
Ajaccio__255,True,True
Ajaccio__256,True,True
Ajaccio__257,True,True
Ajaccio__258,True,True
Ajaccio__259,True,True
Ajaccio__26,True,True
Ajaccio__260,True,True
Ajaccio__261,True,True
Ajaccio__262,True,True
Ajaccio__263,True,True
Ajaccio__264,True,True
Ajaccio__265,True,True
Ajaccio__266,True,True
Ajaccio__267,True,True
Ajaccio__268,True,True
Ajaccio__269,True,True
Ajaccio__27,True,True
Ajaccio__270,True,True
Ajaccio__271,True,True
Ajaccio__272,True,True
Ajaccio__273,True,True
Ajaccio__274,True,True
Ajaccio__275,True,True
Ajaccio__276,True,True
Ajaccio__277,True,True
Ajaccio__278,True,True
Ajaccio__279,True,True
Ajaccio__28,True,True
Ajaccio__280,True,True
Ajaccio__281,True,True
Ajaccio__282,True,True
Ajaccio__283,True,True
Ajaccio__284,True,True
Ajaccio__285,True,True
Ajaccio__286,True,True
Ajaccio__287,True,True
Ajaccio__288,True,True
Ajaccio__289,True,True
Ajaccio__29,True,True
Ajaccio__290,True,True
Ajaccio__291,True,True
Ajaccio__292,True,True
Ajaccio__293,True,True
Ajaccio__294,True,True
Ajaccio__295,True,True
Ajaccio__296,True,True
Ajaccio__297,True,True
Ajaccio__298,True,True
Ajaccio__299,True,True
Ajaccio__3,True,True
Ajaccio__30,True,True
Ajaccio__300,True,True
Ajaccio__301,True,True
Ajaccio__302,True,True
Ajaccio__303,True,True
Ajaccio__304,True,True
Ajaccio__305,True,True
Ajaccio__306,True,True
Ajaccio__307,True,True
Ajaccio__308,True,True
Ajaccio__309,True,True
Ajaccio__31,True,True
Ajaccio__310,True,True
Ajaccio__311,True,True
Ajaccio__312,True,True
Ajaccio__313,True,True
Ajaccio__314,True,True
Ajaccio__315,True,True
Ajaccio__316,True,True
Ajaccio__317,True,True
Ajaccio__318,True,True
Ajaccio__319,True,True
Ajaccio__32,True,True
Ajaccio__320,True,True
Ajaccio__321,True,True
Ajaccio__322,True,True
Ajaccio__323,True,True
Ajaccio__324,True,True
Ajaccio__325,True,True
Ajaccio__326,True,True
Ajaccio__327,True,True
Ajaccio__328,True,True
Ajaccio__329,True,True
Ajaccio__33,True,True
Ajaccio__330,True,True
Ajaccio__331,True,True
Ajaccio__332,True,True
Ajaccio__333,True,True
Ajaccio__334,True,True
Ajaccio__335,True,True
Ajaccio__336,True,True
Ajaccio__337,True,True
Ajaccio__338,True,True
Ajaccio__339,True,True
Ajaccio__34,True,True
Ajaccio__340,True,True
Ajaccio__341,True,True
Ajaccio__342,True,True
Ajaccio__343,True,True
Ajaccio__344,True,True
Ajaccio__345,True,True
Ajaccio__346,True,True
Ajaccio__347,True,True
Ajaccio__348,True,True
Ajaccio__349,True,True
Ajaccio__35,True,True
Ajaccio__350,True,True
Ajaccio__351,True,True
Ajaccio__352,True,True
Ajaccio__353,True,True
Ajaccio__354,True,True
Ajaccio__355,True,True
Ajaccio__356,True,True
Ajaccio__357,True,True
Ajaccio__358,True,True
Ajaccio__359,True,True
Ajaccio__36,True,True
Ajaccio__360,True,True
Ajaccio__361,True,True
Ajaccio__362,True,True
Ajaccio__363,True,True
Ajaccio__364,True,True
Ajaccio__365,True,True
Ajaccio__366,True,True
Ajaccio__367,True,True
Ajaccio__368,True,True
Ajaccio__369,True,True
Ajaccio__37,True,True
Ajaccio__370,True,True
Ajaccio__371,True,True
Ajaccio__372,True,True
Ajaccio__373,True,True
Ajaccio__374,True,True
Ajaccio__375,True,True
Ajaccio__376,True,True
Ajaccio__377,True,True
Ajaccio__378,True,True
Ajaccio__379,True,True
Ajaccio__38,True,True
Ajaccio__380,True,True
Ajaccio__381,True,True
Ajaccio__382,True,True
Ajaccio__383,True,True
Ajaccio__384,True,True
Ajaccio__385,True,True
Ajaccio__386,True,True
Ajaccio__387,True,True
Ajaccio__388,True,True
Ajaccio__389,True,True
Ajaccio__39,True,True
Ajaccio__390,True,True
Ajaccio__391,True,True
Ajaccio__392,True,True
Ajaccio__393,True,True
Ajaccio__394,True,True
Ajaccio__395,True,True
Ajaccio__396,True,True
Ajaccio__397,True,True
Ajaccio__398,True,True
Ajaccio__399,True,True
Ajaccio__4,True,True
Ajaccio__40,True,True
Ajaccio__400,True,True
Ajaccio__401,True,True
Ajaccio__402,True,True
Ajaccio__403,True,True
Ajaccio__404,True,True
Ajaccio__405,True,True
Ajaccio__406,True,True
Ajaccio__407,True,True
Ajaccio__408,True,True
Ajaccio__409,True,True
Ajaccio__41,True,True
Ajaccio__410,True,True
Ajaccio__411,True,True
Ajaccio__412,True,True
Ajaccio__413,True,True
Ajaccio__414,True,True
Ajaccio__415,True,True
Ajaccio__416,True,True
Ajaccio__417,True,True
Ajaccio__418,True,True
Ajaccio__419,True,True
Ajaccio__42,True,True
Ajaccio__420,True,True
Ajaccio__421,True,True
Ajaccio__422,True,True
Ajaccio__423,True,True
Ajaccio__424,True,True
Ajaccio__425,True,True
Ajaccio__426,True,True
Ajaccio__427,True,True
Ajaccio__428,True,True
Ajaccio__429,True,True
Ajaccio__43,True,True
Ajaccio__430,True,True
Ajaccio__431,True,True
Ajaccio__432,True,True
Ajaccio__433,True,True
Ajaccio__434,True,True
Ajaccio__435,True,True
Ajaccio__436,True,True
Ajaccio__437,True,True
Ajaccio__438,True,True
Ajaccio__439,True,True
Ajaccio__44,True,True
Ajaccio__440,True,True
Ajaccio__441,True,True
Ajaccio__442,True,True
Ajaccio__443,True,True
Ajaccio__444,True,True
Ajaccio__445,True,True
Ajaccio__446,True,True
Ajaccio__447,True,True
Ajaccio__448,True,True
Ajaccio__449,True,True
Ajaccio__45,True,True
Ajaccio__450,True,True
Ajaccio__451,True,True
Ajaccio__452,True,True
Ajaccio__453,True,True
Ajaccio__454,True,True
Ajaccio__455,True,True
Ajaccio__456,True,True
Ajaccio__457,True,True
Ajaccio__458,True,True
Ajaccio__459,True,True
Ajaccio__46,True,True
Ajaccio__460,True,True
Ajaccio__461,True,True
Ajaccio__462,True,True
Ajaccio__463,True,True
Ajaccio__464,True,True
Ajaccio__465,True,True
Ajaccio__466,True,True
Ajaccio__467,True,True
Ajaccio__468,True,True
Ajaccio__469,True,True
Ajaccio__47,True,True
Ajaccio__470,True,True
Ajaccio__471,True,True
Ajaccio__472,True,True
Ajaccio__473,True,True
Ajaccio__474,True,True
Ajaccio__475,True,True
Ajaccio__476,True,True
Ajaccio__477,True,True
Ajaccio__478,True,True
Ajaccio__479,True,True
Ajaccio__48,True,True
Ajaccio__480,True,True
Ajaccio__481,True,True
Ajaccio__482,True,True
Ajaccio__483,True,True
Ajaccio__484,True,True
Ajaccio__485,True,True
Ajaccio__486,True,True
Ajaccio__487,True,True
Ajaccio__488,True,True
Ajaccio__489,True,True
Ajaccio__49,True,True
Ajaccio__490,True,True
Ajaccio__491,True,True
Ajaccio__492,True,True
Ajaccio__493,True,True
Ajaccio__494,True,True
Ajaccio__495,True,True
Ajaccio__496,True,True
Ajaccio__497,True,True
Ajaccio__498,True,True
Ajaccio__499,True,True
Ajaccio__5,True,True
Ajaccio__50,True,True
Ajaccio__500,True,True
Ajaccio__501,True,True
Ajaccio__502,True,True
Ajaccio__503,True,True
Ajaccio__504,True,True
Ajaccio__505,True,True
Ajaccio__506,True,True
Ajaccio__507,True,True
Ajaccio__508,True,True
Ajaccio__509,True,True
Ajaccio__51,True,True
Ajaccio__510,True,True
Ajaccio__511,True,True
Ajaccio__512,True,True
Ajaccio__513,True,True
Ajaccio__514,True,True
Ajaccio__515,True,True
Ajaccio__516,True,True
Ajaccio__517,True,True
Ajaccio__518,True,True
Ajaccio__519,True,True
Ajaccio__52,True,True
Ajaccio__520,True,True
Ajaccio__521,True,True
Ajaccio__522,True,True
Ajaccio__523,True,True
Ajaccio__524,True,True
Ajaccio__525,True,True
Ajaccio__526,True,True
Ajaccio__527,True,True
Ajaccio__528,True,True
Ajaccio__529,True,True
Ajaccio__53,True,True
Ajaccio__530,True,True
Ajaccio__54,True,True
Ajaccio__55,True,True
Ajaccio__56,True,True
Ajaccio__57,True,True
Ajaccio__58,True,True
Ajaccio__59,True,True
Ajaccio__6,True,True
Ajaccio__60,True,True
Ajaccio__61,True,True
Ajaccio__62,True,True
Ajaccio__63,True,True
Ajaccio__64,True,True
Ajaccio__65,True,True
Ajaccio__66,True,True
Ajaccio__67,True,True
Ajaccio__68,True,True
Ajaccio__69,True,True
Ajaccio__7,True,True
Ajaccio__70,True,True
Ajaccio__71,True,True
Ajaccio__72,True,True
Ajaccio__73,True,True
Ajaccio__74,True,True
Ajaccio__75,True,True
Ajaccio__76,True,True
Ajaccio__77,True,True
Ajaccio__78,True,True
Ajaccio__79,True,True
Ajaccio__8,True,True
Ajaccio__80,True,True
Ajaccio__81,True,True
Ajaccio__82,True,True
Ajaccio__83,True,True
Ajaccio__84,True,True
Ajaccio__85,True,True
Ajaccio__86,True,True
Ajaccio__87,True,True
Ajaccio__88,True,True
Ajaccio__89,True,True
Ajaccio__9,True,True
Ajaccio__90,True,True
Ajaccio__91,True,True
Ajaccio__92,True,True
Ajaccio__93,True,True
Ajaccio__94,True,True
Ajaccio__95,True,True
Ajaccio__96,True,True
Ajaccio__97,True,True
Ajaccio__98,True,True
Ajaccio__99,True,True
Bastia__1,True,True
Bastia__10,True,True
Bastia__100,True,True
Bastia__101,True,True
Bastia__102,True,True
Bastia__103,True,True
Bastia__104,True,True
Bastia__105,True,True
Bastia__106,True,True
Bastia__107,True,True
Bastia__108,True,True
Bastia__109,True,True
Bastia__11,True,True
Bastia__110,True,True
Bastia__111,True,True
Bastia__112,True,True
Bastia__113,True,True
Bastia__114,True,True
Bastia__115,True,True
Bastia__116,True,True
Bastia__117,True,True
Bastia__118,True,True
Bastia__119,True,True
Bastia__12,True,True
Bastia__120,True,True
Bastia__121,True,True
Bastia__122,True,True
Bastia__123,True,True
Bastia__124,True,True
Bastia__125,True,True
Bastia__126,True,True
Bastia__127,True,True
Bastia__128,True,True
Bastia__129,True,True
Bastia__13,True,True
Bastia__130,True,True
Bastia__131,True,True
Bastia__132,True,True
Bastia__133,True,True
Bastia__134,True,True
Bastia__135,True,True
Bastia__136,True,True
Bastia__137,True,True
Bastia__138,True,True
Bastia__139,True,True
Bastia__14,True,True
Bastia__140,True,True
Bastia__141,True,True
Bastia__142,True,True
Bastia__143,True,True
Bastia__144,True,True
Bastia__145,True,True
Bastia__146,True,True
Bastia__147,True,True
Bastia__148,True,True
Bastia__149,True,True
Bastia__15,True,True
Bastia__150,True,True
Bastia__151,True,True
Bastia__152,True,True
Bastia__153,True,True
Bastia__154,True,True
Bastia__155,True,True
Bastia__156,True,True
Bastia__157,True,True
Bastia__158,True,True
Bastia__159,True,True
Bastia__16,True,True
Bastia__160,True,True
Bastia__161,True,True
Bastia__162,True,True
Bastia__163,True,True
Bastia__164,True,True
Bastia__165,True,True
Bastia__166,True,True
Bastia__167,True,True
Bastia__168,True,True
Bastia__169,True,True
Bastia__17,True,True
Bastia__170,True,True
Bastia__171,True,True
Bastia__172,True,True
Bastia__173,True,True
Bastia__174,True,True
Bastia__175,True,True
Bastia__176,True,True
Bastia__177,True,True
Bastia__178,True,True
Bastia__179,True,True
Bastia__18,True,True
Bastia__180,True,True
Bastia__181,True,True
Bastia__182,True,True
Bastia__183,True,True
Bastia__184,True,True
Bastia__185,True,True
Bastia__186,True,True
Bastia__187,True,True
Bastia__188,True,True
Bastia__189,True,True
Bastia__19,True,True
Bastia__190,True,True
Bastia__191,True,True
Bastia__192,True,True
Bastia__193,True,True
Bastia__194,True,True
Bastia__195,True,True
Bastia__196,True,True
Bastia__197,True,True
Bastia__198,True,True
Bastia__199,True,True
Bastia__2,True,True
Bastia__20,True,True
Bastia__200,True,True
Bastia__201,True,True
Bastia__202,True,True
Bastia__203,True,True
Bastia__204,True,True
Bastia__205,True,True
Bastia__206,True,True
Bastia__207,True,True
Bastia__208,True,True
Bastia__209,True,True
Bastia__21,True,True
Bastia__210,True,True
Bastia__211,True,True
Bastia__212,True,True
Bastia__213,True,True
Bastia__214,True,True
Bastia__215,True,True
Bastia__216,True,True
Bastia__217,True,True
Bastia__218,True,True
Bastia__219,True,True
Bastia__22,True,True
Bastia__220,True,True
Bastia__221,True,True
Bastia__222,True,True
Bastia__223,True,True
Bastia__224,True,True
Bastia__225,True,True
Bastia__226,True,True
Bastia__227,True,True
Bastia__228,True,True
Bastia__229,True,True
Bastia__23,True,True
Bastia__230,True,True
Bastia__231,True,True
Bastia__232,True,True
Bastia__233,True,True
Bastia__234,True,True
Bastia__235,True,True
Bastia__236,True,True
Bastia__237,True,True
Bastia__238,True,True
Bastia__239,True,True
Bastia__24,True,True
Bastia__240,True,True
Bastia__241,True,True
Bastia__242,True,True
Bastia__243,True,True
Bastia__244,True,True
Bastia__245,True,True
Bastia__246,True,True
Bastia__247,True,True
Bastia__248,True,True
Bastia__249,True,True
Bastia__25,True,True
Bastia__250,True,True
Bastia__251,True,True
Bastia__252,True,True
Bastia__253,True,True
Bastia__254,True,True
Bastia__255,True,True
Bastia__256,True,True
Bastia__257,True,True
Bastia__258,True,True
Bastia__259,True,True
Bastia__26,True,True
Bastia__260,True,True
Bastia__261,True,True
Bastia__262,True,True
Bastia__263,True,True
Bastia__264,True,True
Bastia__265,True,True
Bastia__266,True,True
Bastia__267,True,True
Bastia__268,True,True
Bastia__269,True,True
Bastia__27,True,True
Bastia__270,True,True
Bastia__271,True,True
Bastia__272,True,True
Bastia__273,True,True
Bastia__274,True,True
Bastia__275,True,True
Bastia__276,True,True
Bastia__277,True,True
Bastia__278,True,True
Bastia__279,True,True
Bastia__28,True,True
Bastia__280,True,True
Bastia__281,True,True
Bastia__282,True,True
Bastia__283,True,True
Bastia__284,True,True
Bastia__285,True,True
Bastia__286,True,True
Bastia__287,True,True
Bastia__288,True,True
Bastia__289,True,True
Bastia__29,True,True
Bastia__290,True,True
Bastia__291,True,True
Bastia__292,True,True
Bastia__293,True,True
Bastia__294,True,True
Bastia__295,True,True
Bastia__296,True,True
Bastia__297,True,True
Bastia__298,True,True
Bastia__299,True,True
Bastia__3,True,True
Bastia__30,True,True
Bastia__300,True,True
Bastia__301,True,True
Bastia__302,True,True
Bastia__303,True,True
Bastia__304,True,True
Bastia__305,True,True
Bastia__306,True,True
Bastia__307,True,True
Bastia__308,True,True
Bastia__309,True,True
Bastia__31,True,True
Bastia__310,True,True
Bastia__311,True,True
Bastia__312,True,True
Bastia__313,True,True
Bastia__314,True,True
Bastia__315,True,True
Bastia__316,True,True
Bastia__317,True,True
Bastia__318,True,True
Bastia__319,True,True
Bastia__32,True,True
Bastia__320,True,True
Bastia__321,True,True
Bastia__322,True,True
Bastia__323,True,True
Bastia__324,True,True
Bastia__325,True,True
Bastia__326,True,True
Bastia__327,True,True
Bastia__328,True,True
Bastia__329,True,True
Bastia__33,True,True
Bastia__330,True,True
Bastia__331,True,True
Bastia__332,True,True
Bastia__333,True,True
Bastia__334,True,True
Bastia__335,True,True
Bastia__336,True,True
Bastia__337,True,True
Bastia__338,True,True
Bastia__339,True,True
Bastia__34,True,True
Bastia__340,True,True
Bastia__341,True,True
Bastia__342,True,True
Bastia__343,True,True
Bastia__344,True,True
Bastia__345,True,True
Bastia__346,True,True
Bastia__347,True,True
Bastia__348,True,True
Bastia__349,True,True
Bastia__35,True,True
Bastia__350,True,True
Bastia__351,True,True
Bastia__352,True,True
Bastia__353,True,True
Bastia__354,True,True
Bastia__355,True,True
Bastia__356,True,True
Bastia__357,True,True
Bastia__358,True,True
Bastia__359,True,True
Bastia__36,True,True
Bastia__360,True,True
Bastia__361,True,True
Bastia__362,True,True
Bastia__363,True,True
Bastia__364,True,True
Bastia__365,True,True
Bastia__366,True,True
Bastia__367,True,True
Bastia__368,True,True
Bastia__369,True,True
Bastia__37,True,True
Bastia__370,True,True
Bastia__371,True,True
Bastia__372,True,True
Bastia__373,True,True
Bastia__374,True,True
Bastia__375,True,True
Bastia__376,True,True
Bastia__377,True,True
Bastia__378,True,True
Bastia__379,True,True
Bastia__38,True,True
Bastia__380,True,True
Bastia__381,True,True
Bastia__382,True,True
Bastia__383,True,True
Bastia__384,True,True
Bastia__385,True,True
Bastia__386,True,True
Bastia__387,True,True
Bastia__388,True,True
Bastia__389,True,True
Bastia__39,True,True
Bastia__390,True,True
Bastia__391,True,True
Bastia__392,True,True
Bastia__393,True,True
Bastia__394,True,True
Bastia__395,True,True
Bastia__396,True,True
Bastia__397,True,True
Bastia__398,True,True
Bastia__399,True,True
Bastia__4,True,True
Bastia__40,True,True
Bastia__400,True,True
Bastia__401,True,True
Bastia__402,True,True
Bastia__403,True,True
Bastia__404,True,True
Bastia__405,True,True
Bastia__406,True,True
Bastia__407,True,True
Bastia__408,True,True
Bastia__409,True,True
Bastia__41,True,True
Bastia__410,True,True
Bastia__411,True,True
Bastia__412,True,True
Bastia__413,True,True
Bastia__414,True,True
Bastia__415,True,True
Bastia__416,True,True
Bastia__417,True,True
Bastia__418,True,True
Bastia__419,True,True
Bastia__42,True,True
Bastia__420,True,True
Bastia__421,True,True
Bastia__422,True,True
Bastia__423,True,True
Bastia__424,True,True
Bastia__425,True,True
Bastia__426,True,True
Bastia__427,True,True
Bastia__428,True,True
Bastia__429,True,True
Bastia__43,True,True
Bastia__430,True,True
Bastia__431,True,True
Bastia__432,True,True
Bastia__433,True,True
Bastia__434,True,True
Bastia__435,True,True
Bastia__436,True,True
Bastia__437,True,True
Bastia__438,True,True
Bastia__439,True,True
Bastia__44,True,True
Bastia__440,True,True
Bastia__441,True,True
Bastia__442,True,True
Bastia__443,True,True
Bastia__444,True,True
Bastia__445,True,True
Bastia__446,True,True
Bastia__447,True,True
Bastia__448,True,True
Bastia__449,True,True
Bastia__45,True,True
Bastia__450,True,True
Bastia__451,True,True
Bastia__452,True,True
Bastia__453,True,True
Bastia__454,True,True
Bastia__455,True,True
Bastia__456,True,True
Bastia__457,True,True
Bastia__458,True,True
Bastia__459,True,True
Bastia__46,True,True
Bastia__460,True,True
Bastia__461,True,True
Bastia__462,True,True
Bastia__463,True,True
Bastia__464,True,True
Bastia__465,True,True
Bastia__466,True,True
Bastia__467,True,True
Bastia__468,True,True
Bastia__469,True,True
Bastia__47,True,True
Bastia__470,True,True
Bastia__471,True,True
Bastia__472,True,True
Bastia__473,True,True
Bastia__474,True,True
Bastia__475,True,True
Bastia__476,True,True
Bastia__477,True,True
Bastia__478,True,True
Bastia__479,True,True
Bastia__48,True,True
Bastia__480,True,True
Bastia__481,True,True
Bastia__482,True,True
Bastia__483,True,True
Bastia__484,True,True
Bastia__485,True,True
Bastia__486,True,True
Bastia__487,True,True
Bastia__488,True,True
Bastia__489,True,True
Bastia__49,True,True
Bastia__490,True,True
Bastia__491,True,True
Bastia__492,True,True
Bastia__493,True,True
Bastia__494,True,True
Bastia__495,True,True
Bastia__496,True,True
Bastia__497,True,True
Bastia__498,True,True
Bastia__499,True,True
Bastia__5,True,True
Bastia__50,True,True
Bastia__500,True,True
Bastia__501,True,True
Bastia__502,True,True
Bastia__503,True,True
Bastia__504,True,True
Bastia__505,True,True
Bastia__506,True,True
Bastia__507,True,True
Bastia__508,True,True
Bastia__509,True,True
Bastia__51,True,True
Bastia__510,True,True
Bastia__511,True,True
Bastia__512,True,True
Bastia__513,True,True
Bastia__514,True,True
Bastia__515,True,True
Bastia__516,True,True
Bastia__517,True,True
Bastia__518,True,True
Bastia__519,True,True
Bastia__52,True,True
Bastia__520,True,True
Bastia__521,True,True
Bastia__522,True,True
Bastia__523,True,True
Bastia__524,True,True
Bastia__525,True,True
Bastia__526,True,True
Bastia__527,True,True
Bastia__528,True,True
Bastia__529,True,True
Bastia__53,True,True
Bastia__530,True,True
Bastia__531,True,True
Bastia__532,True,True
Bastia__54,True,True
Bastia__55,True,True
Bastia__56,True,True
Bastia__57,True,True
Bastia__58,True,True
Bastia__59,True,True
Bastia__6,True,True
Bastia__60,True,True
Bastia__61,True,True
Bastia__62,True,True
Bastia__63,True,True
Bastia__64,True,True
Bastia__65,True,True
Bastia__66,True,True
Bastia__67,True,True
Bastia__68,True,True
Bastia__69,True,True
Bastia__7,True,True
Bastia__70,True,True
Bastia__71,True,True
Bastia__72,True,True
Bastia__73,True,True
Bastia__74,True,True
Bastia__75,True,True
Bastia__76,True,True
Bastia__77,True,True
Bastia__78,True,True
Bastia__79,True,True
Bastia__8,True,True
Bastia__80,True,True
Bastia__81,True,True
Bastia__82,True,True
Bastia__83,True,True
Bastia__84,True,True
Bastia__85,True,True
Bastia__86,True,True
Bastia__87,True,True
Bastia__88,True,True
Bastia__89,True,True
Bastia__9,True,True
Bastia__90,True,True
Bastia__91,True,True
Bastia__92,True,True
Bastia__93,True,True
Bastia__94,True,True
Bastia__95,True,True
Bastia__96,True,True
Bastia__97,True,True
Bastia__98,True,True
Bastia__99,True,True
Biarritz__1,True,True
Biarritz__10,True,True
Biarritz__100,True,True
Biarritz__101,True,True
Biarritz__102,True,True
Biarritz__103,True,True
Biarritz__104,True,True
Biarritz__105,True,True
Biarritz__106,True,True
Biarritz__107,True,True
Biarritz__108,True,True
Biarritz__109,True,True
Biarritz__11,True,True
Biarritz__110,True,True
Biarritz__111,True,True
Biarritz__112,True,True
Biarritz__113,True,True
Biarritz__114,True,True
Biarritz__115,True,True
Biarritz__116,True,True
Biarritz__117,True,True
Biarritz__118,True,True
Biarritz__119,True,True
Biarritz__12,True,True
Biarritz__120,True,True
Biarritz__121,True,True
Biarritz__122,True,True
Biarritz__123,True,True
Biarritz__124,True,True
Biarritz__125,True,True
Biarritz__126,True,True
Biarritz__127,True,True
Biarritz__128,True,True
Biarritz__129,True,True
Biarritz__13,True,True
Biarritz__130,True,True
Biarritz__131,True,True
Biarritz__132,True,True
Biarritz__133,True,True
Biarritz__134,True,True
Biarritz__135,True,True
Biarritz__136,True,True
Biarritz__137,True,True
Biarritz__138,True,True
Biarritz__139,True,True
Biarritz__14,True,True
Biarritz__140,True,True
Biarritz__141,True,True
Biarritz__142,True,True
Biarritz__143,True,True
Biarritz__144,True,True
Biarritz__145,True,True
Biarritz__146,True,True
Biarritz__147,True,True
Biarritz__148,True,True
Biarritz__149,True,True
Biarritz__15,True,True
Biarritz__150,True,True
Biarritz__151,True,True
Biarritz__152,True,True
Biarritz__153,True,True
Biarritz__154,True,True
Biarritz__155,True,True
Biarritz__156,True,True
Biarritz__157,True,True
Biarritz__158,True,True
Biarritz__159,True,True
Biarritz__16,True,True
Biarritz__160,True,True
Biarritz__161,True,True
Biarritz__162,True,True
Biarritz__163,True,True
Biarritz__164,True,True
Biarritz__165,True,True
Biarritz__166,True,True
Biarritz__167,True,True
Biarritz__168,True,True
Biarritz__169,True,True
Biarritz__17,True,True
Biarritz__170,True,True
Biarritz__171,True,True
Biarritz__172,True,True
Biarritz__173,True,True
Biarritz__174,True,True
Biarritz__175,True,True
Biarritz__176,True,True
Biarritz__177,True,True
Biarritz__178,True,True
Biarritz__179,True,True
Biarritz__18,True,True
Biarritz__180,True,True
Biarritz__181,True,True
Biarritz__182,True,True
Biarritz__183,True,True
Biarritz__184,True,True
Biarritz__185,True,True
Biarritz__186,True,True
Biarritz__187,True,True
Biarritz__188,True,True
Biarritz__189,True,True
Biarritz__19,True,True
Biarritz__190,True,True
Biarritz__191,True,True
Biarritz__192,True,True
Biarritz__193,True,True
Biarritz__194,True,True
Biarritz__195,True,True
Biarritz__196,True,True
Biarritz__197,True,True
Biarritz__198,True,True
Biarritz__199,True,True
Biarritz__2,True,True
Biarritz__20,True,True
Biarritz__200,True,True
Biarritz__201,True,True
Biarritz__202,True,True
Biarritz__203,True,True
Biarritz__204,True,True
Biarritz__205,True,True
Biarritz__206,True,True
Biarritz__207,True,True
Biarritz__208,True,True
Biarritz__209,True,True
Biarritz__21,True,True
Biarritz__210,True,True
Biarritz__211,True,True
Biarritz__212,True,True
Biarritz__213,True,True
Biarritz__214,True,True
Biarritz__215,True,True
Biarritz__216,True,True
Biarritz__217,True,True
Biarritz__218,True,True
Biarritz__219,True,True
Biarritz__22,True,True
Biarritz__220,True,True
Biarritz__221,True,True
Biarritz__222,True,True
Biarritz__223,True,True
Biarritz__224,True,True
Biarritz__225,True,True
Biarritz__226,True,True
Biarritz__227,True,True
Biarritz__228,True,True
Biarritz__229,True,True
Biarritz__23,True,True
Biarritz__230,True,True
Biarritz__231,True,True
Biarritz__232,True,True
Biarritz__233,True,True
Biarritz__234,True,True
Biarritz__235,True,True
Biarritz__236,True,True
Biarritz__237,True,True
Biarritz__238,True,True
Biarritz__239,True,True
Biarritz__24,True,True
Biarritz__240,True,True
Biarritz__241,True,True
Biarritz__242,True,True
Biarritz__243,True,True
Biarritz__244,True,True
Biarritz__245,True,True
Biarritz__246,True,True
Biarritz__247,True,True
Biarritz__248,True,True
Biarritz__249,True,True
Biarritz__25,True,True
Biarritz__250,True,True
Biarritz__251,True,True
Biarritz__252,True,True
Biarritz__253,True,True
Biarritz__254,True,True
Biarritz__255,True,True
Biarritz__256,True,True
Biarritz__257,True,True
Biarritz__258,True,True
Biarritz__259,True,True
Biarritz__26,True,True
Biarritz__260,True,True
Biarritz__261,True,True
Biarritz__262,True,True
Biarritz__263,True,True
Biarritz__264,True,True
Biarritz__265,True,True
Biarritz__266,True,True
Biarritz__267,True,True
Biarritz__268,True,True
Biarritz__269,True,True
Biarritz__27,True,True
Biarritz__270,True,True
Biarritz__271,True,True
Biarritz__272,True,True
Biarritz__273,True,True
Biarritz__274,True,True
Biarritz__275,True,True
Biarritz__276,True,True
Biarritz__277,True,True
Biarritz__278,True,True
Biarritz__279,True,True
Biarritz__28,True,True
Biarritz__280,True,True
Biarritz__281,True,True
Biarritz__282,True,True
Biarritz__283,True,True
Biarritz__284,True,True
Biarritz__285,True,True
Biarritz__286,True,True
Biarritz__287,True,True
Biarritz__288,True,True
Biarritz__289,True,True
Biarritz__29,True,True
Biarritz__290,True,True
Biarritz__291,True,True
Biarritz__292,True,True
Biarritz__293,True,True
Biarritz__294,True,True
Biarritz__295,True,True
Biarritz__296,True,True
Biarritz__297,True,True
Biarritz__298,True,True
Biarritz__299,True,True
Biarritz__3,True,True
Biarritz__30,True,True
Biarritz__300,True,True
Biarritz__301,True,True
Biarritz__302,True,True
Biarritz__303,True,True
Biarritz__304,True,True
Biarritz__305,True,True
Biarritz__306,True,True
Biarritz__307,True,True
Biarritz__308,True,True
Biarritz__309,True,True
Biarritz__31,True,True
Biarritz__310,True,True
Biarritz__311,True,True
Biarritz__312,True,True
Biarritz__313,True,True
Biarritz__314,True,True
Biarritz__315,True,True
Biarritz__316,True,True
Biarritz__317,True,True
Biarritz__318,True,True
Biarritz__319,True,True
Biarritz__32,True,True
Biarritz__320,True,True
Biarritz__321,True,True
Biarritz__322,True,True
Biarritz__323,True,True
Biarritz__324,True,True
Biarritz__325,True,True
Biarritz__326,True,True
Biarritz__327,True,True
Biarritz__328,True,True
Biarritz__329,True,True
Biarritz__33,True,True
Biarritz__330,True,True
Biarritz__331,True,True
Biarritz__332,True,True
Biarritz__333,True,True
Biarritz__334,True,True
Biarritz__335,True,True
Biarritz__336,True,True
Biarritz__337,True,True
Biarritz__338,True,True
Biarritz__339,True,True
Biarritz__34,True,True
Biarritz__340,True,True
Biarritz__341,True,True
Biarritz__342,True,True
Biarritz__343,True,True
Biarritz__344,True,True
Biarritz__345,True,True
Biarritz__346,True,True
Biarritz__347,True,True
Biarritz__348,True,True
Biarritz__349,True,True
Biarritz__35,True,True
Biarritz__350,True,True
Biarritz__351,True,True
Biarritz__352,True,True
Biarritz__353,True,True
Biarritz__354,True,True
Biarritz__355,True,True
Biarritz__356,True,True
Biarritz__357,True,True
Biarritz__358,True,True
Biarritz__359,True,True
Biarritz__36,True,True
Biarritz__360,True,True
Biarritz__361,True,True
Biarritz__362,True,True
Biarritz__363,True,True
Biarritz__364,True,True
Biarritz__365,True,True
Biarritz__366,True,True
Biarritz__367,True,True
Biarritz__368,True,True
Biarritz__369,True,True
Biarritz__37,True,True
Biarritz__370,True,True
Biarritz__371,True,True
Biarritz__372,True,True
Biarritz__373,True,True
Biarritz__374,True,True
Biarritz__375,True,True
Biarritz__376,True,True
Biarritz__377,True,True
Biarritz__378,True,True
Biarritz__379,True,True
Biarritz__38,True,True
Biarritz__380,True,True
Biarritz__381,True,True
Biarritz__382,True,True
Biarritz__383,True,True
Biarritz__384,True,True
Biarritz__385,True,True
Biarritz__386,True,True
Biarritz__387,True,True
Biarritz__388,True,True
Biarritz__389,True,True
Biarritz__39,True,True
Biarritz__390,True,True
Biarritz__391,True,True
Biarritz__392,True,True
Biarritz__393,True,True
Biarritz__394,True,True
Biarritz__395,True,True
Biarritz__396,True,True
Biarritz__397,True,True
Biarritz__398,True,True
Biarritz__399,True,True
Biarritz__4,True,True
Biarritz__40,True,True
Biarritz__400,True,True
Biarritz__401,True,True
Biarritz__402,True,True
Biarritz__403,True,True
Biarritz__404,True,True
Biarritz__405,True,True
Biarritz__406,True,True
Biarritz__407,True,True
Biarritz__408,True,True
Biarritz__409,True,True
Biarritz__41,True,True
Biarritz__410,True,True
Biarritz__411,True,True
Biarritz__412,True,True
Biarritz__413,True,True
Biarritz__414,True,True
Biarritz__415,True,True
Biarritz__416,True,True
Biarritz__417,True,True
Biarritz__418,True,True
Biarritz__419,True,True
Biarritz__42,True,True
Biarritz__420,True,True
Biarritz__421,True,True
Biarritz__422,True,True
Biarritz__423,True,True
Biarritz__424,True,True
Biarritz__425,True,True
Biarritz__426,True,True
Biarritz__427,True,True
Biarritz__428,True,True
Biarritz__429,True,True
Biarritz__43,True,True
Biarritz__430,True,True
Biarritz__431,True,True
Biarritz__432,True,True
Biarritz__433,True,True
Biarritz__434,True,True
Biarritz__435,True,True
Biarritz__436,True,True
Biarritz__437,True,True
Biarritz__438,True,True
Biarritz__439,True,True
Biarritz__44,True,True
Biarritz__440,True,True
Biarritz__441,True,True
Biarritz__442,True,True
Biarritz__443,True,True
Biarritz__444,True,True
Biarritz__445,True,True
Biarritz__446,True,True
Biarritz__447,True,True
Biarritz__448,True,True
Biarritz__449,True,True
Biarritz__45,True,True
Biarritz__450,True,True
Biarritz__451,True,True
Biarritz__452,True,True
Biarritz__453,True,True
Biarritz__454,True,True
Biarritz__455,True,True
Biarritz__456,True,True
Biarritz__457,True,True
Biarritz__458,True,True
Biarritz__459,True,True
Biarritz__46,True,True
Biarritz__460,True,True
Biarritz__461,True,True
Biarritz__462,True,True
Biarritz__463,True,True
Biarritz__464,True,True
Biarritz__465,True,True
Biarritz__466,True,True
Biarritz__467,True,True
Biarritz__468,True,True
Biarritz__469,True,True
Biarritz__47,True,True
Biarritz__470,True,True
Biarritz__471,True,True
Biarritz__472,True,True
Biarritz__473,True,True
Biarritz__474,True,True
Biarritz__475,True,True
Biarritz__476,True,True
Biarritz__477,True,True
Biarritz__478,True,True
Biarritz__479,True,True
Biarritz__48,True,True
Biarritz__480,True,True
Biarritz__481,True,True
Biarritz__482,True,True
Biarritz__483,True,True
Biarritz__484,True,True
Biarritz__485,True,True
Biarritz__486,True,True
Biarritz__487,True,True
Biarritz__488,True,True
Biarritz__489,True,True
Biarritz__49,True,True
Biarritz__490,True,True
Biarritz__491,True,True
Biarritz__492,True,True
Biarritz__493,True,True
Biarritz__494,True,True
Biarritz__495,True,True
Biarritz__496,True,True
Biarritz__497,True,True
Biarritz__498,True,True
Biarritz__499,True,True
Biarritz__5,True,True
Biarritz__50,True,True
Biarritz__500,True,True
Biarritz__501,True,True
Biarritz__502,True,True
Biarritz__503,True,True
Biarritz__504,True,True
Biarritz__505,True,True
Biarritz__506,True,True
Biarritz__507,True,True
Biarritz__508,True,True
Biarritz__509,True,True
Biarritz__51,True,True
Biarritz__510,True,True
Biarritz__511,True,True
Biarritz__512,True,True
Biarritz__513,True,True
Biarritz__514,True,True
Biarritz__515,True,True
Biarritz__516,True,True
Biarritz__517,True,True
Biarritz__518,True,True
Biarritz__519,True,True
Biarritz__52,True,True
Biarritz__520,True,True
Biarritz__521,True,True
Biarritz__522,True,True
Biarritz__523,True,True
Biarritz__524,True,True
Biarritz__525,True,True
Biarritz__526,True,True
Biarritz__527,True,True
Biarritz__528,True,True
Biarritz__529,True,True
Biarritz__53,True,True
Biarritz__530,True,True
Biarritz__531,True,True
Biarritz__532,True,True
Biarritz__533,True,True
Biarritz__534,True,True
Biarritz__535,True,True
Biarritz__536,True,True
Biarritz__537,True,True
Biarritz__538,True,True
Biarritz__539,True,True
Biarritz__54,True,True
Biarritz__540,True,True
Biarritz__541,True,True
Biarritz__542,True,True
Biarritz__543,True,True
Biarritz__544,True,True
Biarritz__545,True,True
Biarritz__546,True,True
Biarritz__547,True,True
Biarritz__548,True,True
Biarritz__549,True,True
Biarritz__55,True,True
Biarritz__550,True,True
Biarritz__551,True,True
Biarritz__552,True,True
Biarritz__553,True,True
Biarritz__554,True,True
Biarritz__555,True,True
Biarritz__556,True,True
Biarritz__557,True,True
Biarritz__558,True,True
Biarritz__559,True,True
Biarritz__56,True,True
Biarritz__560,True,True
Biarritz__561,True,True
Biarritz__562,True,True
Biarritz__563,True,True
Biarritz__564,True,True
Biarritz__565,True,True
Biarritz__566,True,True
Biarritz__567,True,True
Biarritz__568,True,True
Biarritz__569,True,True
Biarritz__57,True,True
Biarritz__570,True,True
Biarritz__571,True,True
Biarritz__572,True,True
Biarritz__573,True,True
Biarritz__574,True,True
Biarritz__575,True,True
Biarritz__576,True,True
Biarritz__577,True,True
Biarritz__578,True,True
Biarritz__579,True,True
Biarritz__58,True,True
Biarritz__580,True,True
Biarritz__581,True,True
Biarritz__582,True,True
Biarritz__583,True,True
Biarritz__584,True,True
Biarritz__585,True,True
Biarritz__586,True,True
Biarritz__587,True,True
Biarritz__588,True,True
Biarritz__589,True,True
Biarritz__59,True,True
Biarritz__590,True,True
Biarritz__6,True,True
Biarritz__60,True,True
Biarritz__61,True,True
Biarritz__62,True,True
Biarritz__63,True,True
Biarritz__64,True,True
Biarritz__65,True,True
Biarritz__66,True,True
Biarritz__67,True,True
Biarritz__68,True,True
Biarritz__69,True,True
Biarritz__7,True,True
Biarritz__70,True,True
Biarritz__71,True,True
Biarritz__72,True,True
Biarritz__73,True,True
Biarritz__74,True,True
Biarritz__75,True,True
Biarritz__76,True,True
Biarritz__77,True,True
Biarritz__78,True,True
Biarritz__79,True,True
Biarritz__8,True,True
Biarritz__80,True,True
Biarritz__81,True,True
Biarritz__82,True,True
Biarritz__83,True,True
Biarritz__84,True,True
Biarritz__85,True,True
Biarritz__86,True,True
Biarritz__87,True,True
Biarritz__88,True,True
Biarritz__89,True,True
Biarritz__9,True,True
Biarritz__90,True,True
Biarritz__91,True,True
Biarritz__92,True,True
Biarritz__93,True,True
Biarritz__94,True,True
Biarritz__95,True,True
Biarritz__96,True,True
Biarritz__97,True,True
Biarritz__98,True,True
Biarritz__99,True,True
Nantes__1,True,True
Nantes__10,True,True
Nantes__100,True,True
Nantes__101,True,True
Nantes__102,True,True
Nantes__103,True,True
Nantes__104,True,True
Nantes__105,True,True
Nantes__106,True,True
Nantes__107,True,True
Nantes__108,True,True
Nantes__109,True,True
Nantes__11,True,True
Nantes__110,True,True
Nantes__111,True,True
Nantes__112,True,True
Nantes__113,True,True
Nantes__114,True,True
Nantes__115,True,True
Nantes__116,True,True
Nantes__117,True,True
Nantes__118,True,True
Nantes__119,True,True
Nantes__12,True,True
Nantes__120,True,True
Nantes__121,True,True
Nantes__122,True,True
Nantes__123,True,True
Nantes__124,True,True
Nantes__125,True,True
Nantes__126,True,True
Nantes__127,True,True
Nantes__128,True,True
Nantes__129,True,True
Nantes__13,True,True
Nantes__130,True,True
Nantes__131,True,True
Nantes__132,True,True
Nantes__133,True,True
Nantes__134,True,True
Nantes__135,True,True
Nantes__136,True,True
Nantes__137,True,True
Nantes__138,True,True
Nantes__139,True,True
Nantes__14,True,True
Nantes__140,True,True
Nantes__141,True,True
Nantes__142,True,True
Nantes__143,True,True
Nantes__144,True,True
Nantes__145,True,True
Nantes__146,True,True
Nantes__147,True,True
Nantes__148,True,True
Nantes__149,True,True
Nantes__15,True,True
Nantes__150,True,True
Nantes__151,True,True
Nantes__152,True,True
Nantes__153,True,True
Nantes__154,True,True
Nantes__155,True,True
Nantes__156,True,True
Nantes__157,True,True
Nantes__158,True,True
Nantes__159,True,True
Nantes__16,True,True
Nantes__160,True,True
Nantes__161,True,True
Nantes__162,True,True
Nantes__163,True,True
Nantes__164,True,True
Nantes__165,True,True
Nantes__166,True,True
Nantes__167,True,True
Nantes__168,True,True
Nantes__169,True,True
Nantes__17,True,True
Nantes__170,True,True
Nantes__171,True,True
Nantes__172,True,True
Nantes__173,True,True
Nantes__174,True,True
Nantes__175,True,True
Nantes__176,True,True
Nantes__177,True,True
Nantes__178,True,True
Nantes__179,True,True
Nantes__18,True,True
Nantes__180,True,True
Nantes__181,True,True
Nantes__182,True,True
Nantes__183,True,True
Nantes__184,True,True
Nantes__185,True,True
Nantes__186,True,True
Nantes__187,True,True
Nantes__188,True,True
Nantes__189,True,True
Nantes__19,True,True
Nantes__190,True,True
Nantes__191,True,True
Nantes__192,True,True
Nantes__193,True,True
Nantes__194,True,True
Nantes__195,True,True
Nantes__196,True,True
Nantes__197,True,True
Nantes__198,True,True
Nantes__199,True,True
Nantes__2,True,True
Nantes__20,True,True
Nantes__200,True,True
Nantes__201,True,True
Nantes__202,True,True
Nantes__203,True,True
Nantes__204,True,True
Nantes__205,True,True
Nantes__206,True,True
Nantes__21,True,True
Nantes__22,True,True
Nantes__23,True,True
Nantes__24,True,True
Nantes__25,True,True
Nantes__26,True,True
Nantes__27,True,True
Nantes__28,True,True
Nantes__29,True,True
Nantes__3,True,True
Nantes__30,True,True
Nantes__31,True,True
Nantes__32,True,True
Nantes__33,True,True
Nantes__34,True,True
Nantes__35,True,True
Nantes__36,True,True
Nantes__37,True,True
Nantes__38,True,True
Nantes__39,True,True
Nantes__4,True,True
Nantes__40,True,True
Nantes__41,True,True
Nantes__42,True,True
Nantes__43,True,True
Nantes__44,True,True
Nantes__45,True,True
Nantes__46,True,True
Nantes__47,True,True
Nantes__48,True,True
Nantes__49,True,True
Nantes__5,True,True
Nantes__50,True,True
Nantes__51,True,True
Nantes__52,True,True
Nantes__53,True,True
Nantes__54,True,True
Nantes__55,True,True
Nantes__56,True,True
Nantes__57,True,True
Nantes__58,True,True
Nantes__59,True,True
Nantes__6,True,True
Nantes__60,True,True
Nantes__61,True,True
Nantes__62,True,True
Nantes__63,True,True
Nantes__64,True,True
Nantes__65,True,True
Nantes__66,True,True
Nantes__67,True,True
Nantes__68,True,True
Nantes__69,True,True
Nantes__7,True,True
Nantes__70,True,True
Nantes__71,True,True
Nantes__72,True,True
Nantes__73,True,True
Nantes__74,True,True
Nantes__75,True,True
Nantes__76,True,True
Nantes__77,True,True
Nantes__78,True,True
Nantes__79,True,True
Nantes__8,True,True
Nantes__80,True,True
Nantes__81,True,True
Nantes__82,True,True
Nantes__83,True,True
Nantes__84,True,True
Nantes__85,True,True
Nantes__86,True,True
Nantes__87,True,True
Nantes__88,True,True
Nantes__89,True,True
Nantes__9,True,True
Nantes__90,True,True
Nantes__91,True,True
Nantes__92,True,True
Nantes__93,True,True
Nantes__94,True,True
Nantes__95,True,True
Nantes__96,True,True
Nantes__97,True,True
Nantes__98,True,True
Nantes__99,True,True
Pise__1,True,True
Pise__10,True,True
Pise__100,True,True
Pise__101,True,True
Pise__102,True,True
Pise__103,True,True
Pise__104,True,True
Pise__105,True,True
Pise__106,True,True
Pise__107,True,True
Pise__108,True,True
Pise__109,True,True
Pise__11,True,True
Pise__110,True,True
Pise__111,True,True
Pise__112,True,True
Pise__113,True,True
Pise__114,True,True
Pise__115,True,True
Pise__116,True,True
Pise__117,True,True
Pise__118,True,True
Pise__119,True,True
Pise__12,True,True
Pise__120,True,True
Pise__121,True,True
Pise__122,True,True
Pise__123,True,True
Pise__124,True,True
Pise__125,True,True
Pise__126,True,True
Pise__127,True,True
Pise__128,True,True
Pise__129,True,True
Pise__13,True,True
Pise__130,True,True
Pise__131,True,True
Pise__132,True,True
Pise__133,True,True
Pise__134,True,True
Pise__135,True,True
Pise__136,True,True
Pise__137,True,True
Pise__138,True,True
Pise__139,True,True
Pise__14,True,True
Pise__140,True,True
Pise__141,True,True
Pise__142,True,True
Pise__143,True,True
Pise__144,True,True
Pise__145,True,True
Pise__146,True,True
Pise__147,True,True
Pise__148,True,True
Pise__149,True,True
Pise__15,True,True
Pise__150,True,True
Pise__151,True,True
Pise__152,True,True
Pise__153,True,True
Pise__154,True,True
Pise__155,True,True
Pise__156,True,True
Pise__157,True,True
Pise__158,True,True
Pise__159,True,True
Pise__16,True,True
Pise__160,True,True
Pise__161,True,True
Pise__162,True,True
Pise__163,True,True
Pise__164,True,True
Pise__165,True,True
Pise__166,True,True
Pise__167,True,True
Pise__168,True,True
Pise__169,True,True
Pise__17,True,True
Pise__170,True,True
Pise__171,True,True
Pise__172,True,True
Pise__173,True,True
Pise__174,True,True
Pise__175,True,True
Pise__176,True,True
Pise__177,True,True
Pise__178,True,True
Pise__179,True,True
Pise__18,True,True
Pise__180,True,True
Pise__181,True,True
Pise__182,True,True
Pise__183,True,True
Pise__184,True,True
Pise__185,True,True
Pise__186,True,True
Pise__187,True,True
Pise__188,True,True
Pise__189,True,True
Pise__19,True,True
Pise__190,True,True
Pise__191,True,True
Pise__192,True,True
Pise__193,True,True
Pise__194,True,True
Pise__195,True,True
Pise__196,True,True
Pise__197,True,True
Pise__198,True,True
Pise__199,True,True
Pise__2,True,True
Pise__20,True,True
Pise__200,True,True
Pise__201,True,True
Pise__202,True,True
Pise__203,True,True
Pise__204,True,True
Pise__205,True,True
Pise__206,True,True
Pise__207,True,True
Pise__208,True,True
Pise__209,True,True
Pise__21,True,True
Pise__210,True,True
Pise__211,True,True
Pise__212,True,True
Pise__213,True,True
Pise__214,True,True
Pise__215,True,True
Pise__216,True,True
Pise__217,True,True
Pise__218,True,True
Pise__219,True,True
Pise__22,True,True
Pise__220,True,True
Pise__221,True,True
Pise__222,True,True
Pise__223,True,True
Pise__224,True,True
Pise__225,True,True
Pise__226,True,True
Pise__227,True,True
Pise__228,True,True
Pise__229,True,True
Pise__23,True,True
Pise__230,True,True
Pise__231,True,True
Pise__232,True,True
Pise__233,True,True
Pise__234,True,True
Pise__235,True,True
Pise__236,True,True
Pise__237,True,True
Pise__238,True,True
Pise__239,True,True
Pise__24,True,True
Pise__240,True,True
Pise__241,True,True
Pise__242,True,True
Pise__243,True,True
Pise__244,True,True
Pise__245,True,True
Pise__246,True,True
Pise__247,True,True
Pise__248,True,True
Pise__249,True,True
Pise__25,True,True
Pise__250,True,True
Pise__251,True,True
Pise__252,True,True
Pise__253,True,True
Pise__254,True,True
Pise__255,True,True
Pise__256,True,True
Pise__257,True,True
Pise__258,True,True
Pise__259,True,True
Pise__26,True,True
Pise__260,True,True
Pise__261,True,True
Pise__262,True,True
Pise__263,True,True
Pise__264,True,True
Pise__265,True,True
Pise__266,True,True
Pise__267,True,True
Pise__268,True,True
Pise__269,True,True
Pise__27,True,True
Pise__270,True,True
Pise__271,True,True
Pise__272,True,True
Pise__273,True,True
Pise__274,True,True
Pise__275,True,True
Pise__276,True,True
Pise__277,True,True
Pise__278,True,True
Pise__279,True,True
Pise__28,True,True
Pise__280,True,True
Pise__281,True,True
Pise__282,True,True
Pise__283,True,True
Pise__284,True,True
Pise__285,True,True
Pise__286,True,True
Pise__287,True,True
Pise__288,True,True
Pise__289,True,True
Pise__29,True,True
Pise__290,True,True
Pise__291,True,True
Pise__292,True,True
Pise__293,True,True
Pise__294,True,True
Pise__295,True,True
Pise__296,True,True
Pise__297,True,True
Pise__298,True,True
Pise__299,True,True
Pise__3,True,True
Pise__30,True,True
Pise__300,True,True
Pise__301,True,True
Pise__302,True,True
Pise__303,True,True
Pise__304,True,True
Pise__305,True,True
Pise__306,True,True
Pise__307,True,True
Pise__308,True,True
Pise__309,True,True
Pise__31,True,True
Pise__310,True,True
Pise__311,True,True
Pise__312,True,True
Pise__313,True,True
Pise__314,True,True
Pise__315,True,True
Pise__316,True,True
Pise__317,True,True
Pise__318,True,True
Pise__319,True,True
Pise__32,True,True
Pise__320,True,True
Pise__321,True,True
Pise__322,True,True
Pise__323,True,True
Pise__324,True,True
Pise__325,True,True
Pise__326,True,True
Pise__327,True,True
Pise__328,True,True
Pise__329,True,True
Pise__33,True,True
Pise__330,True,True
Pise__331,True,True
Pise__332,True,True
Pise__333,True,True
Pise__334,True,True
Pise__335,True,True
Pise__336,True,True
Pise__337,True,True
Pise__338,True,True
Pise__339,True,True
Pise__34,True,True
Pise__340,True,True
Pise__341,True,True
Pise__342,True,True
Pise__343,True,True
Pise__344,True,True
Pise__345,True,True
Pise__346,True,True
Pise__347,True,True
Pise__348,True,True
Pise__349,True,True
Pise__35,True,True
Pise__350,True,True
Pise__351,True,True
Pise__352,True,True
Pise__353,True,True
Pise__354,True,True
Pise__355,True,True
Pise__356,True,True
Pise__357,True,True
Pise__358,True,True
Pise__359,True,True
Pise__36,True,True
Pise__360,True,True
Pise__361,True,True
Pise__362,True,True
Pise__363,True,True
Pise__364,True,True
Pise__365,True,True
Pise__366,True,True
Pise__367,True,True
Pise__368,True,True
Pise__369,True,True
Pise__37,True,True
Pise__370,True,True
Pise__371,True,True
Pise__372,True,True
Pise__373,True,True
Pise__374,True,True
Pise__375,True,True
Pise__376,True,True
Pise__377,True,True
Pise__378,True,True
Pise__379,True,True
Pise__38,True,True
Pise__380,True,True
Pise__381,True,True
Pise__382,True,True
Pise__383,True,True
Pise__384,True,True
Pise__385,True,True
Pise__386,True,True
Pise__387,True,True
Pise__388,True,True
Pise__389,True,True
Pise__39,True,True
Pise__390,True,True
Pise__391,True,True
Pise__392,True,True
Pise__393,True,True
Pise__394,True,True
Pise__395,True,True
Pise__396,True,True
Pise__397,True,True
Pise__398,True,True
Pise__399,True,True
Pise__4,True,True
Pise__40,True,True
Pise__400,True,True
Pise__401,True,True
Pise__402,True,True
Pise__403,True,True
Pise__404,True,True
Pise__405,True,True
Pise__406,True,True
Pise__407,True,True
Pise__408,True,True
Pise__409,True,True
Pise__41,True,True
Pise__410,True,True
Pise__411,True,True
Pise__412,True,True
Pise__413,True,True
Pise__414,True,True
Pise__415,True,True
Pise__416,True,True
Pise__417,True,True
Pise__418,True,True
Pise__419,True,True
Pise__42,True,True
Pise__420,True,True
Pise__421,True,True
Pise__422,True,True
Pise__423,True,True
Pise__424,True,True
Pise__425,True,True
Pise__426,True,True
Pise__427,True,True
Pise__428,True,True
Pise__429,True,True
Pise__43,True,True
Pise__430,True,True
Pise__431,True,True
Pise__432,True,True
Pise__433,True,True
Pise__434,True,True
Pise__435,True,True
Pise__436,True,True
Pise__437,True,True
Pise__438,True,True
Pise__439,True,True
Pise__44,True,True
Pise__440,True,True
Pise__441,True,True
Pise__442,True,True
Pise__443,True,True
Pise__444,True,True
Pise__445,True,True
Pise__446,True,True
Pise__447,True,True
Pise__448,True,True
Pise__449,True,True
Pise__45,True,True
Pise__450,True,True
Pise__451,True,True
Pise__452,True,True
Pise__453,True,True
Pise__454,True,True
Pise__455,True,True
Pise__456,True,True
Pise__457,True,True
Pise__458,True,True
Pise__459,True,True
Pise__46,True,True
Pise__460,True,True
Pise__461,True,True
Pise__462,True,True
Pise__463,True,True
Pise__464,True,True
Pise__465,True,True
Pise__466,True,True
Pise__467,True,True
Pise__468,True,True
Pise__469,True,True
Pise__47,True,True
Pise__470,True,True
Pise__471,True,True
Pise__472,True,True
Pise__473,True,True
Pise__474,True,True
Pise__475,True,True
Pise__476,True,True
Pise__477,True,True
Pise__478,True,True
Pise__479,True,True
Pise__48,True,True
Pise__480,True,True
Pise__481,True,True
Pise__482,True,True
Pise__483,True,True
Pise__484,True,True
Pise__485,True,True
Pise__486,True,True
Pise__487,True,True
Pise__488,True,True
Pise__489,True,True
Pise__49,True,True
Pise__490,True,True
Pise__491,True,True
Pise__492,True,True
Pise__493,True,True
Pise__494,True,True
Pise__495,True,True
Pise__496,True,True
Pise__497,True,True
Pise__498,True,True
Pise__499,True,True
Pise__5,True,True
Pise__50,True,True
Pise__500,True,True
Pise__501,True,True
Pise__502,True,True
Pise__503,True,True
Pise__504,True,True
Pise__505,True,True
Pise__506,True,True
Pise__507,True,True
Pise__508,True,True
Pise__509,True,True
Pise__51,True,True
Pise__510,True,True
Pise__511,True,True
Pise__512,True,True
Pise__513,True,True
Pise__514,True,True
Pise__515,True,True
Pise__516,True,True
Pise__517,True,True
Pise__518,True,True
Pise__519,True,True
Pise__52,True,True
Pise__520,True,True
Pise__521,True,True
Pise__522,True,True
Pise__523,True,True
Pise__524,True,True
Pise__525,True,True
Pise__526,True,True
Pise__527,True,True
Pise__528,True,True
Pise__529,True,True
Pise__53,True,True
Pise__530,True,True
Pise__531,True,True
Pise__532,True,True
Pise__533,True,True
Pise__534,True,True
Pise__535,True,True
Pise__536,True,True
Pise__537,True,True
Pise__538,True,True
Pise__539,True,True
Pise__54,True,True
Pise__540,True,True
Pise__541,True,True
Pise__542,True,True
Pise__543,True,True
Pise__544,True,True
Pise__545,True,True
Pise__546,True,True
Pise__547,True,True
Pise__548,True,True
Pise__549,True,True
Pise__55,True,True
Pise__550,True,True
Pise__551,True,True
Pise__552,True,True
Pise__553,True,True
Pise__554,True,True
Pise__555,True,True
Pise__556,True,True
Pise__557,True,True
Pise__558,True,True
Pise__559,True,True
Pise__56,True,True
Pise__560,True,True
Pise__561,True,True
Pise__562,True,True
Pise__563,True,True
Pise__564,True,True
Pise__565,True,True
Pise__566,True,True
Pise__567,True,True
Pise__568,True,True
Pise__569,True,True
Pise__57,True,True
Pise__570,True,True
Pise__571,True,True
Pise__572,True,True
Pise__573,True,True
Pise__574,True,True
Pise__575,True,True
Pise__576,True,True
Pise__577,True,True
Pise__578,True,True
Pise__579,True,True
Pise__58,True,True
Pise__580,True,True
Pise__581,True,True
Pise__582,True,True
Pise__583,True,True
Pise__584,True,True
Pise__585,True,True
Pise__586,True,True
Pise__587,True,True
Pise__588,True,True
Pise__589,True,True
Pise__59,True,True
Pise__590,True,True
Pise__591,True,True
Pise__592,True,True
Pise__593,True,True
Pise__594,True,True
Pise__595,True,True
Pise__596,True,True
Pise__597,True,True
Pise__598,True,True
Pise__599,True,True
Pise__6,True,True
Pise__60,True,True
Pise__600,True,True
Pise__601,True,True
Pise__602,True,True
Pise__603,True,True
Pise__604,True,True
Pise__605,True,True
Pise__606,True,True
Pise__607,True,True
Pise__608,True,True
Pise__609,True,True
Pise__61,True,True
Pise__610,True,True
Pise__611,True,True
Pise__612,True,True
Pise__613,True,True
Pise__614,True,True
Pise__615,True,True
Pise__616,True,True
Pise__617,True,True
Pise__618,True,True
Pise__619,True,True
Pise__62,True,True
Pise__620,True,True
Pise__621,True,True
Pise__622,True,True
Pise__623,True,True
Pise__624,True,True
Pise__625,True,True
Pise__626,True,True
Pise__627,True,True
Pise__628,True,True
Pise__629,True,True
Pise__63,True,True
Pise__630,True,True
Pise__631,True,True
Pise__632,True,True
Pise__633,True,True
Pise__634,True,True
Pise__635,True,True
Pise__636,True,True
Pise__637,True,True
Pise__638,True,True
Pise__639,True,True
Pise__64,True,True
Pise__640,True,True
Pise__641,True,True
Pise__642,True,True
Pise__643,True,True
Pise__644,True,True
Pise__645,True,True
Pise__646,True,True
Pise__647,True,True
Pise__648,True,True
Pise__649,True,True
Pise__65,True,True
Pise__650,True,True
Pise__651,True,True
Pise__652,True,True
Pise__653,True,True
Pise__654,True,True
Pise__655,True,True
Pise__656,True,True
Pise__657,True,True
Pise__658,True,True
Pise__659,True,True
Pise__66,True,True
Pise__660,True,True
Pise__661,True,True
Pise__662,True,True
Pise__663,True,True
Pise__664,True,True
Pise__665,True,True
Pise__666,True,True
Pise__667,True,True
Pise__668,True,True
Pise__669,True,True
Pise__67,True,True
Pise__670,True,True
Pise__671,True,True
Pise__672,True,True
Pise__673,True,True
Pise__674,True,True
Pise__675,True,True
Pise__676,True,True
Pise__677,True,True
Pise__678,True,True
Pise__679,True,True
Pise__68,True,True
Pise__680,True,True
Pise__681,True,True
Pise__682,True,True
Pise__683,True,True
Pise__684,True,True
Pise__685,True,True
Pise__686,True,True
Pise__687,True,True
Pise__688,True,True
Pise__689,True,True
Pise__69,True,True
Pise__690,True,True
Pise__691,True,True
Pise__692,True,True
Pise__693,True,True
Pise__694,True,True
Pise__695,True,True
Pise__696,True,True
Pise__697,True,True
Pise__698,True,True
Pise__699,True,True
Pise__7,True,True
Pise__70,True,True
Pise__700,True,True
Pise__701,True,True
Pise__702,True,True
Pise__703,True,True
Pise__704,True,True
Pise__705,True,True
Pise__706,True,True
Pise__707,True,True
Pise__708,True,True
Pise__709,True,True
Pise__71,True,True
Pise__710,True,True
Pise__711,True,True
Pise__712,True,True
Pise__713,True,True
Pise__714,True,True
Pise__715,True,True
Pise__716,True,True
Pise__717,True,True
Pise__718,True,True
Pise__719,True,True
Pise__72,True,True
Pise__720,True,True
Pise__721,True,True
Pise__722,True,True
Pise__723,True,True
Pise__724,True,True
Pise__725,True,True
Pise__726,True,True
Pise__727,True,True
Pise__728,True,True
Pise__729,True,True
Pise__73,True,True
Pise__730,True,True
Pise__731,True,True
Pise__732,True,True
Pise__733,True,True
Pise__734,True,True
Pise__735,True,True
Pise__736,True,True
Pise__737,True,True
Pise__738,True,True
Pise__739,True,True
Pise__74,True,True
Pise__740,True,True
Pise__741,True,True
Pise__742,True,True
Pise__743,True,True
Pise__744,True,True
Pise__745,True,True
Pise__746,True,True
Pise__747,True,True
Pise__748,True,True
Pise__749,True,True
Pise__75,True,True
Pise__750,True,True
Pise__751,True,True
Pise__752,True,True
Pise__753,True,True
Pise__754,True,True
Pise__755,True,True
Pise__756,True,True
Pise__757,True,True
Pise__758,True,True
Pise__759,True,True
Pise__76,True,True
Pise__760,True,True
Pise__761,True,True
Pise__762,True,True
Pise__763,True,True
Pise__764,True,True
Pise__765,True,True
Pise__766,True,True
Pise__767,True,True
Pise__768,True,True
Pise__769,True,True
Pise__77,True,True
Pise__78,True,True
Pise__79,True,True
Pise__8,True,True
Pise__80,True,True
Pise__81,True,True
Pise__82,True,True
Pise__83,True,True
Pise__84,True,True
Pise__85,True,True
Pise__86,True,True
Pise__87,True,True
Pise__88,True,True
Pise__89,True,True
Pise__9,True,True
Pise__90,True,True
Pise__91,True,True
Pise__92,True,True
Pise__93,True,True
Pise__94,True,True
Pise__95,True,True
Pise__96,True,True
Pise__97,True,True
Pise__98,True,True
Pise__99,True,True
